{"client_meta":{"background_color":{"r":0.11764705926179886,"g":0.11764705926179886,"b":0.11764705926179886,"a":1},"thumbnail_size":{"width":400,"height":400},"render_coordinates":{"x":0,"y":0,"width":32,"height":32}},"file_name":"Untitled","developer_related_links":[],"exported_at":"2026-03-27T10:07:22.605Z"}